25823,PROVINSI
25824,KABUPATEN
25825,KECAMATAN
25826,KELURAHAN
25827,KELURAHAN
25828,KELURAHAN
25829,KECAMATAN
25830,KELURAHAN
25831,KELURAHAN
25832,KELURAHAN
25833,KABUPATEN
25834,KECAMATAN
25835,KELURAHAN
25836,KELURAHAN
25837,KELURAHAN
25838,KELURAHAN
25839,KELURAHAN
25840,KELURAHAN
25841,KECAMATAN
25842,KELURAHAN
25843,KELURAHAN
25844,KELURAHAN
25845,KELURAHAN
25846,KELURAHAN
25847,KECAMATAN
25848,KELURAHAN
25849,KELURAHAN
25850,KELURAHAN
25851,KELURAHAN
25852,KELURAHAN
25853,KELURAHAN
25854,KELURAHAN
25855,KELURAHAN
25856,KECAMATAN
25857,KELURAHAN
25858,KELURAHAN
25859,KELURAHAN
25860,KELURAHAN
25861,KELURAHAN
25862,KELURAHAN
25863,KECAMATAN
25864,KELURAHAN
25865,KELURAHAN
25866,KELURAHAN
25867,KECAMATAN
25868,KELURAHAN
25869,KELURAHAN
25870,KELURAHAN
25871,KELURAHAN
25872,KELURAHAN
25873,KECAMATAN
25874,KELURAHAN
25875,KELURAHAN
25876,KELURAHAN
25877,KELURAHAN
25878,KELURAHAN
25879,KELURAHAN
25880,KELURAHAN
25881,KECAMATAN
25882,KELURAHAN
25883,KELURAHAN
25884,KELURAHAN
25885,KELURAHAN
25886,KABUPATEN
25887,KECAMATAN
25888,KELURAHAN
25889,KELURAHAN
25890,KELURAHAN
25891,KELURAHAN
25892,KELURAHAN
25893,KECAMATAN
25894,KELURAHAN
25895,KELURAHAN
25896,KELURAHAN
25897,KELURAHAN
25898,KELURAHAN
25899,KELURAHAN
25900,KELURAHAN
25901,KECAMATAN
25902,KELURAHAN
25903,KELURAHAN
25904,KELURAHAN
25905,KELURAHAN
25906,KELURAHAN
25907,KELURAHAN
25908,KECAMATAN
25909,KELURAHAN
25910,KELURAHAN
25911,KELURAHAN
25912,KELURAHAN
25913,KELURAHAN
25914,KELURAHAN
25915,KELURAHAN
25916,KECAMATAN
25917,KELURAHAN
25918,KELURAHAN
25919,KELURAHAN
25920,KECAMATAN
25921,KELURAHAN
25922,KELURAHAN
25923,KELURAHAN
25924,KABUPATEN
25925,KECAMATAN
25926,KELURAHAN
25927,KELURAHAN
25928,KELURAHAN
25929,KELURAHAN
25930,KELURAHAN
25931,KELURAHAN
25932,KECAMATAN
25933,KELURAHAN
25934,KELURAHAN
25935,KELURAHAN
25936,KELURAHAN
25937,KELURAHAN
25938,KELURAHAN
25939,KELURAHAN
25940,KECAMATAN
25941,KELURAHAN
25942,KELURAHAN
25943,KELURAHAN
25944,KELURAHAN
25945,KELURAHAN
25946,KELURAHAN
25947,KELURAHAN
25948,KELURAHAN
25949,KECAMATAN
25950,KELURAHAN
25951,KELURAHAN
25952,KELURAHAN
25953,KELURAHAN
25954,KELURAHAN
25955,KELURAHAN
25956,KELURAHAN
25957,KELURAHAN
25958,KELURAHAN
25959,KELURAHAN
25960,KELURAHAN
25961,KECAMATAN
25962,KELURAHAN
25963,KELURAHAN
25964,KELURAHAN
25965,KELURAHAN
25966,KELURAHAN
25967,KELURAHAN
25968,KELURAHAN
25969,KECAMATAN
25970,KELURAHAN
25971,KELURAHAN
25972,KELURAHAN
25973,KELURAHAN
25974,KELURAHAN
25975,KECAMATAN
25976,KELURAHAN
25977,KELURAHAN
25978,KELURAHAN
25979,KELURAHAN
25980,KELURAHAN
25981,KELURAHAN
25982,KECAMATAN
25983,KELURAHAN
25984,KELURAHAN
25985,KELURAHAN
25986,KELURAHAN
25987,KELURAHAN
25988,KELURAHAN
25989,KABUPATEN
25990,KECAMATAN
25991,KELURAHAN
25992,KELURAHAN
25993,KELURAHAN
25994,KELURAHAN
25995,KELURAHAN
25996,KELURAHAN
25997,KELURAHAN
25998,KECAMATAN
25999,KELURAHAN
26000,KELURAHAN
26001,KELURAHAN
26002,KELURAHAN
26003,KELURAHAN
26004,KELURAHAN
26005,KELURAHAN
26006,KELURAHAN
26007,KECAMATAN
26008,KELURAHAN
26009,KELURAHAN
26010,KELURAHAN
26011,KELURAHAN
26012,KELURAHAN
26013,KECAMATAN
26014,KELURAHAN
26015,KELURAHAN
26016,KELURAHAN
26017,KELURAHAN
26018,KELURAHAN
26019,KELURAHAN
26020,KELURAHAN
26021,KECAMATAN
26022,KELURAHAN
26023,KELURAHAN
26024,KELURAHAN
26025,KELURAHAN
26026,KELURAHAN
26027,KELURAHAN
26028,KECAMATAN
26029,KELURAHAN
26030,KELURAHAN
26031,KELURAHAN
26032,KELURAHAN
26033,KELURAHAN
26034,KECAMATAN
26035,KELURAHAN
26036,KELURAHAN
26037,KELURAHAN
26038,KELURAHAN
26039,KELURAHAN
26040,KELURAHAN
26041,KELURAHAN
26042,KELURAHAN
26043,KELURAHAN
26044,KELURAHAN
26045,KECAMATAN
26046,KELURAHAN
26047,KELURAHAN
26048,KELURAHAN
26049,KELURAHAN
26050,KELURAHAN
26051,KELURAHAN
26052,KECAMATAN
26053,KELURAHAN
26054,KELURAHAN
26055,KELURAHAN
26056,KELURAHAN
26057,KELURAHAN
26058,KELURAHAN
26059,KECAMATAN
26060,KELURAHAN
26061,KELURAHAN
26062,KELURAHAN
26063,KELURAHAN
26064,KELURAHAN
26065,KABUPATEN
26066,KECAMATAN
26067,KELURAHAN
26068,KELURAHAN
26069,KELURAHAN
26070,KELURAHAN
26071,KELURAHAN
26072,KELURAHAN
26073,KECAMATAN
26074,KELURAHAN
26075,KELURAHAN
26076,KELURAHAN
26077,KELURAHAN
26078,KELURAHAN
26079,KELURAHAN
26080,KELURAHAN
26081,KECAMATAN
26082,KELURAHAN
26083,KELURAHAN
26084,KELURAHAN
26085,KELURAHAN
26086,KELURAHAN
26087,KELURAHAN
26088,KELURAHAN
26089,KELURAHAN
26090,KECAMATAN
26091,KELURAHAN
26092,KELURAHAN
26093,KELURAHAN
26094,KELURAHAN
26095,KELURAHAN
26096,KELURAHAN
26097,KELURAHAN
26098,KECAMATAN
26099,KELURAHAN
26100,KELURAHAN
26101,KELURAHAN
26102,KELURAHAN
26103,KELURAHAN
26104,KECAMATAN
26105,KELURAHAN
26106,KELURAHAN
26107,KELURAHAN
26108,KELURAHAN
26109,KELURAHAN
26110,KELURAHAN
26111,KELURAHAN
26112,KECAMATAN
26113,KELURAHAN
26114,KELURAHAN
26115,KELURAHAN
26116,KELURAHAN
26117,KELURAHAN
26118,KELURAHAN
26119,KELURAHAN
26120,KECAMATAN
26121,KELURAHAN
26122,KELURAHAN
26123,KELURAHAN
26124,KELURAHAN
26125,KELURAHAN
26126,KECAMATAN
26127,KELURAHAN
26128,KELURAHAN
26129,KELURAHAN
26130,KELURAHAN
26131,KELURAHAN
26132,KECAMATAN
26133,KELURAHAN
26134,KELURAHAN
26135,KELURAHAN
26136,KELURAHAN
26137,KELURAHAN
26138,KELURAHAN
26139,KELURAHAN
26140,KELURAHAN
